日時,名前,処理
"2024/6/10 9:27:52","C:¥Windows¥System32¥cscript.exe","ブロック"
"2024/12/27 20:58:10","C:¥Users¥donal¥AppData¥Local¥Temp¥is-BNHD2.tmp¥VoiSona_Talk_Installer_1.2.8.tmp","ブロック"
"2024/12/27 20:58:34","C:¥Users¥donal¥AppData¥Local¥Temp¥is-BNHD2.tmp¥VoiSona_Talk_Installer_1.2.8.tmp","ブロック"
"2025/5/9 19:12:13","C:¥Users¥donal¥Documents¥cf268321.cloudfree.jp¥13jellies¥13jellies_map¥node_modules¥@esbuild¥win32-x64¥esbuild.exe","ブロック"
"2025/5/9 19:12:29","C:¥Users¥donal¥Documents¥cf268321.cloudfree.jp¥13jellies¥13jellies_map¥node_modules¥@esbuild¥win32-x64¥esbuild.exe","ブロック"
"2025/5/9 19:12:29","C:¥Users¥donal¥Documents¥cf268321.cloudfree.jp¥13jellies¥13jellies_map¥node_modules¥@esbuild¥win32-x64¥esbuild.exe","ブロック"
"2025/5/9 19:12:29","C:¥Users¥donal¥Documents¥cf268321.cloudfree.jp¥13jellies¥13jellies_map¥node_modules¥@esbuild¥win32-x64¥esbuild.exe","ブロック"
"2025/5/9 19:12:29","C:¥Users¥donal¥Documents¥cf268321.cloudfree.jp¥13jellies¥13jellies_map¥node_modules¥@esbuild¥win32-x64¥esbuild.exe","ブロック"
"2025/5/9 19:12:29","C:¥Users¥donal¥Documents¥cf268321.cloudfree.jp¥13jellies¥13jellies_map¥node_modules¥@esbuild¥win32-x64¥esbuild.exe","ブロック"
"2025/5/9 19:12:29","C:¥Users¥donal¥Documents¥cf268321.cloudfree.jp¥13jellies¥13jellies_map¥node_modules¥@esbuild¥win32-x64¥esbuild.exe","ブロック"
"2025/5/9 19:12:29","C:¥Users¥donal¥Documents¥cf268321.cloudfree.jp¥13jellies¥13jellies_map¥node_modules¥@esbuild¥win32-x64¥esbuild.exe","ブロック"
"2025/5/9 19:12:29","C:¥Users¥donal¥Documents¥cf268321.cloudfree.jp¥13jellies¥13jellies_map¥node_modules¥@esbuild¥win32-x64¥esbuild.exe","ブロック"
"2025/5/9 19:12:29","C:¥Users¥donal¥Documents¥cf268321.cloudfree.jp¥13jellies¥13jellies_map¥node_modules¥@esbuild¥win32-x64¥esbuild.exe","ブロック"
"2025/5/9 19:12:29","C:¥Users¥donal¥Documents¥cf268321.cloudfree.jp¥13jellies¥13jellies_map¥node_modules¥@esbuild¥win32-x64¥esbuild.exe","ブロック"
"2025/5/9 19:12:29","C:¥Users¥donal¥Documents¥cf268321.cloudfree.jp¥13jellies¥13jellies_map¥node_modules¥@esbuild¥win32-x64¥esbuild.exe","ブロック"
"2025/5/9 19:12:29","C:¥Users¥donal¥Documents¥cf268321.cloudfree.jp¥13jellies¥13jellies_map¥node_modules¥@esbuild¥win32-x64¥esbuild.exe","ブロック"
"2025/5/9 19:12:29","C:¥Users¥donal¥Documents¥cf268321.cloudfree.jp¥13jellies¥13jellies_map¥node_modules¥@esbuild¥win32-x64¥esbuild.exe","ブロック"
"2025/5/9 19:19:57","C:¥Users¥donal¥Documents¥cf268321.cloudfree.jp¥13jellies¥13jellies_map¥node_modules¥@esbuild¥win32-x64¥esbuild.exe","ブロック"
"2025/5/9 19:24:13","C:¥Users¥donal¥Documents¥cf268321.cloudfree.jp¥13jellies¥13jellies_map¥node_modules¥vite¥node_modules¥@esbuild¥win32-x64¥esbuild.exe","ブロック"
"2025/5/9 19:24:13","C:¥Users¥donal¥Documents¥cf268321.cloudfree.jp¥13jellies¥13jellies_map¥node_modules¥vite¥node_modules¥@esbuild¥win32-x64¥esbuild.exe","ブロック"
"2025/5/9 19:24:13","C:¥Users¥donal¥Documents¥cf268321.cloudfree.jp¥13jellies¥13jellies_map¥node_modules¥vite¥node_modules¥@esbuild¥win32-x64¥esbuild.exe","ブロック"
"2025/5/9 19:24:13","C:¥Users¥donal¥Documents¥cf268321.cloudfree.jp¥13jellies¥13jellies_map¥node_modules¥vite¥node_modules¥@esbuild¥win32-x64¥esbuild.exe","ブロック"
"2025/5/9 19:24:13","C:¥Users¥donal¥Documents¥cf268321.cloudfree.jp¥13jellies¥13jellies_map¥node_modules¥vite¥node_modules¥@esbuild¥win32-x64¥esbuild.exe","ブロック"
"2025/5/9 19:24:13","C:¥Users¥donal¥Documents¥cf268321.cloudfree.jp¥13jellies¥13jellies_map¥node_modules¥vite¥node_modules¥@esbuild¥win32-x64¥esbuild.exe","ブロック"
"2025/5/9 19:24:13","C:¥Users¥donal¥Documents¥cf268321.cloudfree.jp¥13jellies¥13jellies_map¥node_modules¥vite¥node_modules¥@esbuild¥win32-x64¥esbuild.exe","ブロック"
"2025/5/9 19:24:13","C:¥Users¥donal¥Documents¥cf268321.cloudfree.jp¥13jellies¥13jellies_map¥node_modules¥vite¥node_modules¥@esbuild¥win32-x64¥esbuild.exe","ブロック"
"2025/5/9 19:24:13","C:¥Users¥donal¥Documents¥cf268321.cloudfree.jp¥13jellies¥13jellies_map¥node_modules¥vite¥node_modules¥@esbuild¥win32-x64¥esbuild.exe","ブロック"
"2025/5/9 19:24:13","C:¥Users¥donal¥Documents¥cf268321.cloudfree.jp¥13jellies¥13jellies_map¥node_modules¥vite¥node_modules¥@esbuild¥win32-x64¥esbuild.exe","ブロック"
"2025/5/9 19:24:13","C:¥Users¥donal¥Documents¥cf268321.cloudfree.jp¥13jellies¥13jellies_map¥node_modules¥vite¥node_modules¥@esbuild¥win32-x64¥esbuild.exe","ブロック"
"2025/5/9 19:24:13","C:¥Users¥donal¥Documents¥cf268321.cloudfree.jp¥13jellies¥13jellies_map¥node_modules¥vite¥node_modules¥@esbuild¥win32-x64¥esbuild.exe","ブロック"
"2025/5/9 19:24:13","C:¥Users¥donal¥Documents¥cf268321.cloudfree.jp¥13jellies¥13jellies_map¥node_modules¥vite¥node_modules¥@esbuild¥win32-x64¥esbuild.exe","ブロック"
"2025/5/9 19:24:13","C:¥Users¥donal¥Documents¥cf268321.cloudfree.jp¥13jellies¥13jellies_map¥node_modules¥vite¥node_modules¥@esbuild¥win32-x64¥esbuild.exe","ブロック"
"2025/5/9 19:37:25","C:¥Users¥donal¥Documents¥cf268321.cloudfree.jp¥13jellies¥13jellies_map¥node_modules¥@esbuild¥win32-x64¥esbuild.exe","ブロック"
"2025/5/9 19:37:25","C:¥Users¥donal¥Documents¥cf268321.cloudfree.jp¥13jellies¥13jellies_map¥node_modules¥@esbuild¥win32-x64¥esbuild.exe","ブロック"
"2025/5/9 19:37:25","C:¥Users¥donal¥Documents¥cf268321.cloudfree.jp¥13jellies¥13jellies_map¥node_modules¥@esbuild¥win32-x64¥esbuild.exe","ブロック"
"2025/5/9 19:37:25","C:¥Users¥donal¥Documents¥cf268321.cloudfree.jp¥13jellies¥13jellies_map¥node_modules¥@esbuild¥win32-x64¥esbuild.exe","ブロック"
"2025/5/9 19:37:25","C:¥Users¥donal¥Documents¥cf268321.cloudfree.jp¥13jellies¥13jellies_map¥node_modules¥@esbuild¥win32-x64¥esbuild.exe","ブロック"
"2025/5/9 19:37:25","C:¥Users¥donal¥Documents¥cf268321.cloudfree.jp¥13jellies¥13jellies_map¥node_modules¥@esbuild¥win32-x64¥esbuild.exe","ブロック"
"2025/5/9 19:37:25","C:¥Users¥donal¥Documents¥cf268321.cloudfree.jp¥13jellies¥13jellies_map¥node_modules¥@esbuild¥win32-x64¥esbuild.exe","ブロック"
"2025/5/9 19:37:26","C:¥Users¥donal¥Documents¥cf268321.cloudfree.jp¥13jellies¥13jellies_map¥node_modules¥@esbuild¥win32-x64¥esbuild.exe","ブロック"
"2025/5/9 19:40:47","C:¥Users¥donal¥Documents¥cf268321.cloudfree.jp¥13jellies¥13jellies_map¥node_modules¥@esbuild¥win32-x64¥esbuild.exe","ブロック"
"2025/5/9 19:40:47","C:¥Users¥donal¥Documents¥cf268321.cloudfree.jp¥13jellies¥13jellies_map¥node_modules¥@esbuild¥win32-x64¥esbuild.exe","ブロック"
"2025/5/9 19:40:47","C:¥Users¥donal¥Documents¥cf268321.cloudfree.jp¥13jellies¥13jellies_map¥node_modules¥@esbuild¥win32-x64¥esbuild.exe","ブロック"
"2025/5/9 19:40:47","C:¥Users¥donal¥Documents¥cf268321.cloudfree.jp¥13jellies¥13jellies_map¥node_modules¥@esbuild¥win32-x64¥esbuild.exe","ブロック"
"2025/5/9 19:40:47","C:¥Users¥donal¥Documents¥cf268321.cloudfree.jp¥13jellies¥13jellies_map¥node_modules¥@esbuild¥win32-x64¥esbuild.exe","ブロック"
"2025/5/9 19:40:47","C:¥Users¥donal¥Documents¥cf268321.cloudfree.jp¥13jellies¥13jellies_map¥node_modules¥@esbuild¥win32-x64¥esbuild.exe","ブロック"
"2025/5/9 19:40:47","C:¥Users¥donal¥Documents¥cf268321.cloudfree.jp¥13jellies¥13jellies_map¥node_modules¥@esbuild¥win32-x64¥esbuild.exe","ブロック"
"2025/5/9 19:40:47","C:¥Users¥donal¥Documents¥cf268321.cloudfree.jp¥13jellies¥13jellies_map¥node_modules¥@esbuild¥win32-x64¥esbuild.exe","ブロック"
"2025/5/9 19:40:47","C:¥Users¥donal¥Documents¥cf268321.cloudfree.jp¥13jellies¥13jellies_map¥node_modules¥@esbuild¥win32-x64¥esbuild.exe","ブロック"
"2025/5/9 19:40:47","C:¥Users¥donal¥Documents¥cf268321.cloudfree.jp¥13jellies¥13jellies_map¥node_modules¥@esbuild¥win32-x64¥esbuild.exe","ブロック"
"2025/5/9 19:40:47","C:¥Users¥donal¥Documents¥cf268321.cloudfree.jp¥13jellies¥13jellies_map¥node_modules¥@esbuild¥win32-x64¥esbuild.exe","ブロック"
"2025/5/9 19:40:47","C:¥Users¥donal¥Documents¥cf268321.cloudfree.jp¥13jellies¥13jellies_map¥node_modules¥@esbuild¥win32-x64¥esbuild.exe","ブロック"
"2025/5/9 19:40:47","C:¥Users¥donal¥Documents¥cf268321.cloudfree.jp¥13jellies¥13jellies_map¥node_modules¥@esbuild¥win32-x64¥esbuild.exe","ブロック"
"2025/5/9 19:40:47","C:¥Users¥donal¥Documents¥cf268321.cloudfree.jp¥13jellies¥13jellies_map¥node_modules¥@esbuild¥win32-x64¥esbuild.exe","ブロック"
